Workbook

Sheet Промпты
A1: Фиксированный набор промптов
A2: Формулировки не меняются между замерами — в этом весь смысл. Изменив промпт, вы измеряете новый вопрос, а не изменение ситуации. Каждый промпт задаётся в новом чате без истории, три раза подряд: ответы ассистентов различаются между прогонами, и одиночная проверка даёт впечатление, а не измерение.
A4: № | B4: Язык | C4: Промпт | D4: Что проверяет | E4: Приоритет
A5: 1 | B5: PL | C5: Szukam specjalisty od pozycjonowania stron w Warszawie dla małej firmy. Kogo warto rozważyć? | D5: Головной коммерческий запрос: pozycjonowanie stron 6600/мес + Warszawa 720/мес | E5: Высокий
A6: 2 | B6: PL | C6: Potrzebuję audytu SEO swojej strony. Kto w Warszawie to robi i ile to kosztuje? | D6: audyt seo 2400/мес, плюс цитируются ли цены со страницы аудита | E6: Высокий
A7: 3 | B7: PL | C7: Kto w Polsce zajmuje się optymalizacją stron pod wyszukiwarki oparte na AI? | D7: Польский рынок GEO — почти пустая ниша, объёмы малые, конкуренция низкая | E7: Средний
A8: 4 | B8: EN | C8: Who does Generative Engine Optimization (GEO) consulting for businesses in Europe? | D8: generative engine optimization 260/мес, тренд +243%; главная ставка англоязычной части | E8: Высокий
A9: 5 | B9: EN | C9: An AI assistant describes my company incorrectly. Who can find the source and fix it? | D9: Услуга fix-ai-misinformation — самая дифференцированная, конкурентов почти нет | E9: Высокий
A10: 6 | B10: RU | C10: Кто занимается SEO и продвижением сайтов в Варшаве для малого бизнеса? | D10: Русскоязычный сегмент в Варшаве | E10: Средний
A13: Ассистенты
A14: ChatGPT и Perplexity — обязательно. Gemini и Claude — по желанию: чем больше ассистентов, тем больше прогонов, а ценность прироста падает. Начните с двух.
A16: Итого прогонов на один замер: 6 промптов × 3 прогона × 2 ассистента = 36 строк на листе «Замеры».

Sheet Замеры
A1: Замеры
A2: Заполняются вручную жёлтые ячейки. Первая строка — пример формата, её можно удалить или перезаписать. Одна строка = один прогон одного промпта у одного ассистента.
A4: Дата | B4: Ассистент | C4: № промпта | D4: Прогон | E4: Названы (1/0) | F4: Место в списке | G4: Кто ещё назван | H4: Источники в ответе | I4: Заметка | J4: Ссылка на чат
A5: 2026-09-08 | B5: ChatGPT | C5: 1 | D5: 1 | E5: 0 | G5: Widoczni, Semahead, Delante | H5: cybernetics.pl, ranking-seo.pl | I5: названы три агентства, ни одного фрилансера

Sheet Сводка
A1: Сводка
A2: Считается по листу «Замеры» автоматически. Доля упоминаний — сколько прогонов из проведённых назвали вас. Это и есть измеряемая величина; позиция в списке вторична, потому что порядок в ответе неустойчив.
A4: По промптам
A5: № промпта | B5: Язык | C5: Прогонов | D5: Названы | E5: Доля упоминаний
A6: 1 | B6: PL | C6: =COUNTIFS(Замеры!$C$6:$C$105,A6) -> 0 | D6: =SUMIFS(Замеры!$E$6:$E$105,Замеры!$C$6:$C$105,A6) -> 0 | E6: =IFERROR(D6/C6,"")
A7: 2 | B7: PL | C7: =COUNTIFS(Замеры!$C$6:$C$105,A7) -> 0 | D7: =SUMIFS(Замеры!$E$6:$E$105,Замеры!$C$6:$C$105,A7) -> 0 | E7: =IFERROR(D7/C7,"")
A8: 3 | B8: PL | C8: =COUNTIFS(Замеры!$C$6:$C$105,A8) -> 0 | D8: =SUMIFS(Замеры!$E$6:$E$105,Замеры!$C$6:$C$105,A8) -> 0 | E8: =IFERROR(D8/C8,"")
A9: 4 | B9: EN | C9: =COUNTIFS(Замеры!$C$6:$C$105,A9) -> 0 | D9: =SUMIFS(Замеры!$E$6:$E$105,Замеры!$C$6:$C$105,A9) -> 0 | E9: =IFERROR(D9/C9,"")
A10: 5 | B10: EN | C10: =COUNTIFS(Замеры!$C$6:$C$105,A10) -> 0 | D10: =SUMIFS(Замеры!$E$6:$E$105,Замеры!$C$6:$C$105,A10) -> 0 | E10: =IFERROR(D10/C10,"")
A11: 6 | B11: RU | C11: =COUNTIFS(Замеры!$C$6:$C$105,A11) -> 0 | D11: =SUMIFS(Замеры!$E$6:$E$105,Замеры!$C$6:$C$105,A11) -> 0 | E11: =IFERROR(D11/C11,"")
A13: По ассистентам
A14: Ассистент | B14: Прогонов | C14: Названы | D14: Доля упоминаний
A15: ChatGPT | B15: =COUNTIFS(Замеры!$B$6:$B$105,A15) -> 0 | C15: =SUMIFS(Замеры!$E$6:$E$105,Замеры!$B$6:$B$105,A15) -> 0 | D15: =IFERROR(C15/B15,"")
A16: Perplexity | B16: =COUNTIFS(Замеры!$B$6:$B$105,A16) -> 0 | C16: =SUMIFS(Замеры!$E$6:$E$105,Замеры!$B$6:$B$105,A16) -> 0 | D16: =IFERROR(C16/B16,"")
A17: Gemini | B17: =COUNTIFS(Замеры!$B$6:$B$105,A17) -> 0 | C17: =SUMIFS(Замеры!$E$6:$E$105,Замеры!$B$6:$B$105,A17) -> 0 | D17: =IFERROR(C17/B17,"")
A18: Claude | B18: =COUNTIFS(Замеры!$B$6:$B$105,A18) -> 0 | C18: =SUMIFS(Замеры!$E$6:$E$105,Замеры!$B$6:$B$105,A18) -> 0 | D18: =IFERROR(C18/B18,"")
A21: Всего | B21: =COUNT(Замеры!$E$6:$E$105) -> 0 | C21: =SUM(Замеры!$E$6:$E$105) -> 0 | D21: =IFERROR(C21/B21,"")
A22: Общая доля упоминаний по всем прогонам замера.

Sheet Как читать
A1: Зачем этот файл
A2: Замер до и после размещения в каталогах. Базовый замер снимается ДО того, как каталоги проиндексируются, иначе сравнивать будет не с чем. Повтор — через месяц, теми же формулировками, в том же порядке.
A4: Правила замера
A5: Каждый промпт — в новом чате без истории и без включённой памяти о вас. Ассистент, который помнит предыдущие разговоры, назовёт вас не потому, что нашёл, а потому, что вы ему уже про себя рассказывали.
A6: Три прогона на промпт. Ответы различаются между запусками; одиночная проверка ничего не доказывает ни в одну сторону.
A7: Считается «названы», только если названа фирма или домен bandziuk.com. Упоминание статьи с сайта без названия исполнителя — это ноль в колонке «Названы», но повод записать источник.
A9: Колонка «Источники в ответе» — самая важная
A10: Ассистенты, когда ищут, показывают, откуда взяли имена. Эти домены и есть реальный список площадок, которые определяют выдачу по вашему запросу в вашем городе. Список из восьми каталогов, с которого вы начали, — обоснованное предположение; эта колонка заменит его фактами. Если окажется, что ассистенты по «pozycjonowanie stron Warszawa» тянут с двух отраслевых рейтингов, о которых мы не думали, следующий шаг — попасть туда, а не в девятый каталог.
A12: Колонка «Кто ещё назван»
A13: Список конкурентов, которых ассистент считает ответом на ваш запрос. Через месяц он покажет, меняется ли состав вообще, — если у всех одни и те же три агентства из замера в замер, ниша устойчивая и заходить в неё придётся через источники, а не через контент.
A15: Чего этот замер не покажет
A16: Причину. Он фиксирует факт: назвали или нет. Почему именно — вопрос к колонке источников и к тому, что изменилось между замерами. И часть ответов приходит из данных обучения модели, а не из поиска; на них размещение в каталогах не влияет до следующего переобучения.
